disease,drug
acne,"['doxycycline', 'spironolactone', 'minocycline', 'clindamycin', 'tretinoin', 'isotretinoin', 'benzoyl peroxide', 'adapalene', 'tetracycline', 'cephalexin', 'sulfamethoxazole / trimethoprim', 'doxycycline', 'spironolactone', 'minocycline', 'clindamycin', 'tretinoin', 'isotretinoin', 'benzoyl peroxide', 'adapalene', 'tetracycline', 'cephalexin', 'sulfamethoxazole / trimethoprim', 'doxycycline', 'spironolactone', 'minocycline', 'clindamycin', 'tretinoin', 'isotretinoin', 'benzoyl peroxide', 'adapalene', 'tetracycline', 'cephalexin', 'sulfamethoxazole / trimethoprim', 'doxycycline', 'spironolactone', 'minocycline', 'clindamycin', 'tretinoin', 'isotretinoin', 'benzoyl peroxide', 'adapalene', 'tetracycline', 'cephalexin', 'sulfamethoxazole / trimethoprim', 'doxycycline', 'spironolactone', 'minocycline', 'clindamycin', 'tretinoin', 'isotretinoin', 'benzoyl peroxide', 'adapalene', 'tetracycline', 'cephalexin', 'sulfamethoxazole / trimethoprim', 'doxycycline', 'spironolactone', 'minocycline', 'clindamycin', 'tretinoin', 'isotretinoin', 'benzoyl peroxide', 'adapalene', 'tetracycline', 'cephalexin', 'sulfamethoxazole / trimethoprim', 'doxycycline', 'spironolactone', 'minocycline', 'clindamycin', 'tretinoin', 'isotretinoin', 'benzoyl peroxide', 'adapalene', 'tetracycline', 'cephalexin', 'sulfamethoxazole / trimethoprim', 'doxycycline', 'spironolactone', 'minocycline', 'clindamycin', 'tretinoin', 'isotretinoin', 'benzoyl peroxide', 'adapalene', 'tetracycline', 'cephalexin', 'sulfamethoxazole / trimethoprim']"
actinic keratosis,"['fluorouracil', 'aminolevulinic acid', 'ingenol']"
alcohol withdrawal,"['gabapentin', 'baclofen', 'chlordiazepoxide', 'diazepam', 'clonidine', 'atenolol', 'oxazepam', 'clorazepate', 'gabapentin', 'baclofen', 'chlordiazepoxide', 'diazepam', 'clonidine', 'atenolol', 'oxazepam', 'clorazepate', 'gabapentin', 'baclofen', 'chlordiazepoxide', 'diazepam', 'clonidine', 'atenolol', 'oxazepam', 'clorazepate', 'gabapentin', 'baclofen', 'chlordiazepoxide', 'diazepam', 'clonidine', 'atenolol', 'oxazepam', 'clorazepate']"
alopecia,"['spironolactone', 'minoxidil', 'triamcinolone', 'sulfasalazine', 'spironolactone', 'minoxidil', 'triamcinolone', 'sulfasalazine', 'spironolactone', 'minoxidil', 'triamcinolone', 'sulfasalazine', 'spironolactone', 'minoxidil', 'triamcinolone', 'sulfasalazine', 'spironolactone', 'minoxidil', 'triamcinolone', 'sulfasalazine', 'spironolactone', 'minoxidil', 'triamcinolone', 'sulfasalazine']"
amyloidosis,"['colchicine', 'colchicine', 'colchicine']"
anemia,"['epoetin alfa', 'multivitamin with iron', 'pyridoxine', 'oxymetholone', 'lenalidomide']"
angina,"['aspirin', 'nitroglycerin', 'metoprolol', 'amlodipine', 'isosorbide mononitrate', 'isosorbide dinitrate', 'enoxaparin', 'ranolazine', 'atenolol', 'carvedilol', 'amlodipine / atorvastatin', 'aspirin', 'nitroglycerin', 'metoprolol', 'amlodipine', 'isosorbide mononitrate', 'isosorbide dinitrate', 'enoxaparin', 'ranolazine', 'atenolol', 'carvedilol', 'amlodipine / atorvastatin', 'aspirin', 'nitroglycerin', 'metoprolol', 'amlodipine', 'isosorbide mononitrate', 'isosorbide dinitrate', 'enoxaparin', 'ranolazine', 'atenolol', 'carvedilol', 'amlodipine / atorvastatin', 'aspirin', 'nitroglycerin', 'metoprolol', 'amlodipine', 'isosorbide mononitrate', 'isosorbide dinitrate', 'enoxaparin', 'ranolazine', 'atenolol', 'carvedilol', 'amlodipine / atorvastatin', 'aspirin', 'nitroglycerin', 'metoprolol', 'amlodipine', 'isosorbide mononitrate', 'isosorbide dinitrate', 'enoxaparin', 'ranolazine', 'atenolol', 'carvedilol', 'amlodipine / atorvastatin', 'aspirin', 'nitroglycerin', 'metoprolol', 'amlodipine', 'isosorbide mononitrate', 'isosorbide dinitrate', 'enoxaparin', 'ranolazine', 'atenolol', 'carvedilol', 'amlodipine / atorvastatin', 'aspirin', 'nitroglycerin', 'metoprolol', 'amlodipine', 'isosorbide mononitrate', 'isosorbide dinitrate', 'enoxaparin', 'ranolazine', 'atenolol', 'carvedilol', 'amlodipine / atorvastatin', 'aspirin', 'nitroglycerin', 'metoprolol', 'amlodipine', 'isosorbide mononitrate', 'isosorbide dinitrate', 'enoxaparin', 'ranolazine', 'atenolol', 'carvedilol', 'amlodipine / atorvastatin', 'aspirin', 'nitroglycerin', 'metoprolol', 'amlodipine', 'isosorbide mononitrate', 'isosorbide dinitrate', 'enoxaparin', 'ranolazine', 'atenolol', 'carvedilol', 'amlodipine / atorvastatin', 'aspirin', 'nitroglycerin', 'metoprolol', 'amlodipine', 'isosorbide mononitrate', 'isosorbide dinitrate', 'enoxaparin', 'ranolazine', 'atenolol', 'carvedilol', 'amlodipine / atorvastatin', 'aspirin', 'nitroglycerin', 'metoprolol', 'amlodipine', 'isosorbide mononitrate', 'isosorbide dinitrate', 'enoxaparin', 'ranolazine', 'atenolol', 'carvedilol', 'amlodipine / atorvastatin']"
ankylosing spondylitis,"['diclofenac', 'prednisone', 'naproxen', 'indomethacin', 'celecoxib', 'adalimumab', 'aspirin', 'etanercept', 'sulindac', 'infliximab']"
anxiety,"['clonazepam', 'alprazolam', 'lorazepam', 'buspirone', 'hydroxyzine', 'diazepam', 'escitalopram', 'gabapentin', 'propranolol', 'trazodone', 'bupropion', 'clonidine', 'venlafaxine', 'duloxetine', 'paroxetine', 'mirtazapine', 'clonazepam', 'alprazolam', 'lorazepam', 'buspirone', 'hydroxyzine', 'diazepam', 'escitalopram', 'gabapentin', 'propranolol', 'trazodone', 'bupropion', 'clonidine', 'venlafaxine', 'duloxetine', 'paroxetine', 'mirtazapine', 'clonazepam', 'alprazolam', 'lorazepam', 'buspirone', 'hydroxyzine', 'diazepam', 'escitalopram', 'gabapentin', 'propranolol', 'trazodone', 'bupropion', 'clonidine', 'venlafaxine', 'duloxetine', 'paroxetine', 'mirtazapine', 'clonazepam', 'alprazolam', 'lorazepam', 'buspirone', 'hydroxyzine', 'diazepam', 'escitalopram', 'gabapentin', 'propranolol', 'trazodone', 'bupropion', 'clonidine', 'venlafaxine', 'duloxetine', 'paroxetine', 'mirtazapine']"
aphthous ulcer,"['triamcinolone', 'dexamethasone', 'benzocaine', 'triamcinolone', 'dexamethasone', 'benzocaine', 'triamcinolone', 'dexamethasone', 'benzocaine', 'triamcinolone', 'dexamethasone', 'benzocaine']"
aplastic anemia,"['filgrastim', 'sargramostim', 'lymphocyte immune globulin, anti-thy (equine)', 'eltrombopag']"
appendicitis,['piperacillin / tazobactam']
arrhythmia,"['amiodarone', 'verapamil', 'propranolol', 'dofetilide', 'lidocaine', 'mexiletine', 'disopyramide', 'phenytoin', 'quinidine', 'procainamide', 'amiodarone', 'verapamil', 'propranolol', 'dofetilide', 'lidocaine', 'mexiletine', 'disopyramide', 'phenytoin', 'quinidine', 'procainamide', 'amiodarone', 'verapamil', 'propranolol', 'dofetilide', 'lidocaine', 'mexiletine', 'disopyramide', 'phenytoin', 'quinidine', 'procainamide']"
asperger syndrome,"['risperidone', 'olanzapine', 'lisdexamfetamine']"
asthma,"['montelukast', 'prednisone', 'ipratropium', 'flunisolide', 'methylprednisolone', 'dexamethasone', 'formoterol / mometasone', 'triamcinolone', 'fluticasone / vilanterol', 'levalbuterol', 'ciclesonide', 'montelukast', 'prednisone', 'ipratropium', 'flunisolide', 'methylprednisolone', 'dexamethasone', 'formoterol / mometasone', 'triamcinolone', 'fluticasone / vilanterol', 'levalbuterol', 'ciclesonide', 'montelukast', 'prednisone', 'ipratropium', 'flunisolide', 'methylprednisolone', 'dexamethasone', 'formoterol / mometasone', 'triamcinolone', 'fluticasone / vilanterol', 'levalbuterol', 'ciclesonide', 'montelukast', 'prednisone', 'ipratropium', 'flunisolide', 'methylprednisolone', 'dexamethasone', 'formoterol / mometasone', 'triamcinolone', 'fluticasone / vilanterol', 'levalbuterol', 'ciclesonide']"
atrial fibrillation,"['digoxin', 'metoprolol', 'diltiazem', 'flecainide', 'sotalol', 'carvedilol', 'propafenone', 'rivaroxaban', 'dronedarone', 'clonidine', 'propranolol', 'digoxin', 'metoprolol', 'diltiazem', 'flecainide', 'sotalol', 'carvedilol', 'propafenone', 'rivaroxaban', 'dronedarone', 'clonidine', 'propranolol', 'digoxin', 'metoprolol', 'diltiazem', 'flecainide', 'sotalol', 'carvedilol', 'propafenone', 'rivaroxaban', 'dronedarone', 'clonidine', 'propranolol', 'digoxin', 'metoprolol', 'diltiazem', 'flecainide', 'sotalol', 'carvedilol', 'propafenone', 'rivaroxaban', 'dronedarone', 'clonidine', 'propranolol', 'digoxin', 'metoprolol', 'diltiazem', 'flecainide', 'sotalol', 'carvedilol', 'propafenone', 'rivaroxaban', 'dronedarone', 'clonidine', 'propranolol']"
atrial flutter,"['diltiazem', 'flecainide', 'sotalol', 'propafenone', 'dronedarone', 'esmolol', 'ibutilide']"
atrophic vaginitis,"['estradiol', 'estradiol', 'conjugated estrogens', 'conjugated estrogens', 'estradiol', 'estradiol', 'conjugated estrogens', 'conjugated estrogens']"
autism,"['risperidone', 'aripiprazole', 'venlafaxine', 'ziprasidone', 'memantine', 'paliperidone', 'bumetanide', 'risperidone', 'aripiprazole', 'venlafaxine', 'ziprasidone', 'memantine', 'paliperidone', 'bumetanide', 'risperidone', 'aripiprazole', 'venlafaxine', 'ziprasidone', 'memantine', 'paliperidone', 'bumetanide']"
bipolar disorder,"['lamotrigine', 'lithium', 'quetiapine', 'gabapentin', 'clonazepam', 'divalproex sodium', 'bupropion', 'oxcarbazepine', 'risperidone', 'sertraline', 'aripiprazole', 'topiramate', 'olanzapine', 'venlafaxine', 'lamotrigine', 'lithium', 'quetiapine', 'gabapentin', 'clonazepam', 'divalproex sodium', 'bupropion', 'oxcarbazepine', 'risperidone', 'sertraline', 'aripiprazole', 'topiramate', 'olanzapine', 'venlafaxine', 'lamotrigine', 'lithium', 'quetiapine', 'gabapentin', 'clonazepam', 'divalproex sodium', 'bupropion', 'oxcarbazepine', 'risperidone', 'sertraline', 'aripiprazole', 'topiramate', 'olanzapine', 'venlafaxine', 'lamotrigine', 'lithium', 'quetiapine', 'gabapentin', 'clonazepam', 'divalproex sodium', 'bupropion', 'oxcarbazepine', 'risperidone', 'sertraline', 'aripiprazole', 'topiramate', 'olanzapine', 'venlafaxine', 'lamotrigine', 'lithium', 'quetiapine', 'gabapentin', 'clonazepam', 'divalproex sodium', 'bupropion', 'oxcarbazepine', 'risperidone', 'sertraline', 'aripiprazole', 'topiramate', 'olanzapine', 'venlafaxine', 'lamotrigine', 'lithium', 'quetiapine', 'gabapentin', 'clonazepam', 'divalproex sodium', 'bupropion', 'oxcarbazepine', 'risperidone', 'sertraline', 'aripiprazole', 'topiramate', 'olanzapine', 'venlafaxine', 'lamotrigine', 'lithium', 'quetiapine', 'gabapentin', 'clonazepam', 'divalproex sodium', 'bupropion', 'oxcarbazepine', 'risperidone', 'sertraline', 'aripiprazole', 'topiramate', 'olanzapine', 'venlafaxine', 'lamotrigine', 'lithium', 'quetiapine', 'gabapentin', 'clonazepam', 'divalproex sodium', 'bupropion', 'oxcarbazepine', 'risperidone', 'sertraline', 'aripiprazole', 'topiramate', 'olanzapine', 'venlafaxine', 'lamotrigine', 'lithium', 'quetiapine', 'gabapentin', 'clonazepam', 'divalproex sodium', 'bupropion', 'oxcarbazepine', 'risperidone', 'sertraline', 'aripiprazole', 'topiramate', 'olanzapine', 'venlafaxine']"
bladder cancer,"['mitomycin', 'cisplatin', 'atezolizumab', 'methotrexate', 'doxorubicin', 'thiotepa', 'cyclophosphamide', 'erdafitinib', 'mitomycin', 'cisplatin', 'atezolizumab', 'methotrexate', 'doxorubicin', 'thiotepa', 'cyclophosphamide', 'erdafitinib']"
blepharitis,"['dexamethasone / neomycin / polymyxin b', 'bacitracin / polymyxin b', 'prednisolone / sulfacetamide sodium', 'bacitracin / neomycin / polymyxin b', 'hydrocortisone / neomycin / polymyxin b', 'gentamicin / prednisolone']"
blepharospasm,"['incobotulinumtoxinA', 'onabotulinumtoxinA']"
breast cancer,"['tamoxifen', 'anastrozole', 'letrozole', 'exemestane', 'cyclophosphamide', 'methotrexate', 'doxorubicin', 'paclitaxel', 'trastuzumab', 'capecitabine', 'everolimus', 'tamoxifen', 'anastrozole', 'letrozole', 'exemestane', 'cyclophosphamide', 'methotrexate', 'doxorubicin', 'paclitaxel', 'trastuzumab', 'capecitabine', 'everolimus', 'tamoxifen', 'anastrozole', 'letrozole', 'exemestane', 'cyclophosphamide', 'methotrexate', 'doxorubicin', 'paclitaxel', 'trastuzumab', 'capecitabine', 'everolimus', 'tamoxifen', 'anastrozole', 'letrozole', 'exemestane', 'cyclophosphamide', 'methotrexate', 'doxorubicin', 'paclitaxel', 'trastuzumab', 'capecitabine', 'everolimus', 'tamoxifen', 'anastrozole', 'letrozole', 'exemestane', 'cyclophosphamide', 'methotrexate', 'doxorubicin', 'paclitaxel', 'trastuzumab', 'capecitabine', 'everolimus', 'tamoxifen', 'anastrozole', 'letrozole', 'exemestane', 'cyclophosphamide', 'methotrexate', 'doxorubicin', 'paclitaxel', 'trastuzumab', 'capecitabine', 'everolimus', 'tamoxifen', 'anastrozole', 'letrozole', 'exemestane', 'cyclophosphamide', 'methotrexate', 'doxorubicin', 'paclitaxel', 'trastuzumab', 'capecitabine', 'everolimus']"
bursitis,"['naproxen', 'prednisone', 'indomethacin', 'dexamethasone', 'cortisone', 'triamcinolone', 'betamethasone', 'trolamine salicylate', 'sulindac', 'naproxen', 'prednisone', 'indomethacin', 'dexamethasone', 'cortisone', 'triamcinolone', 'betamethasone', 'trolamine salicylate', 'sulindac', 'naproxen', 'prednisone', 'indomethacin', 'dexamethasone', 'cortisone', 'triamcinolone', 'betamethasone', 'trolamine salicylate', 'sulindac', 'naproxen', 'prednisone', 'indomethacin', 'dexamethasone', 'cortisone', 'triamcinolone', 'betamethasone', 'trolamine salicylate', 'sulindac', 'naproxen', 'prednisone', 'indomethacin', 'dexamethasone', 'cortisone', 'triamcinolone', 'betamethasone', 'trolamine salicylate', 'sulindac']"
carcinoid syndrome,['lanreotide']
cardiac arrest,['epinephrine']
carpal tunnel syndrome,"['gabapentin', 'triamcinolone']"
celiac disease,"['infliximab', 'infliximab', 'infliximab', 'infliximab', 'infliximab', 'infliximab', 'infliximab']"
cerebral edema,"['dexamethasone', 'mannitol']"
cervical cancer,"['cisplatin', 'carboplatin', 'methotrexate', 'topotecan', 'bevacizumab', 'fluorouracil', 'ifosfamide', 'cyclophosphamide', 'hydroxyurea', 'pembrolizumab', 'cisplatin', 'carboplatin', 'methotrexate', 'topotecan', 'bevacizumab', 'fluorouracil', 'ifosfamide', 'cyclophosphamide', 'hydroxyurea', 'pembrolizumab']"
cervicitis,"['azithromycin', 'doxycycline', 'ofloxacin']"
cholecystitis,"['cefazolin', 'cefoxitin', 'cefotetan', 'cefazolin', 'cefoxitin', 'cefotetan']"
chorioretinitis,"['prednisone', 'dexamethasone', 'triamcinolone', 'cortisone', 'corticotropin']"
chronic otitis media,"['colistin sulfate / hydrocortisone / neomycin / thonzonium bromide', 'colistin sulfate / hydrocortisone / neomycin / thonzonium bromide', 'colistin sulfate / hydrocortisone / neomycin / thonzonium bromide', 'colistin sulfate / hydrocortisone / neomycin / thonzonium bromide']"
chronic pancreatitis,"['pancrelipase', 'pancreatin']"
colorectal cancer,"['oxaliplatin', 'fluorouracil', 'leucovorin', 'capecitabine', 'irinotecan', 'bevacizumab', 'cetuximab', 'methotrexate', 'panitumumab', 'regorafenib', 'oxaliplatin', 'fluorouracil', 'leucovorin', 'capecitabine', 'irinotecan', 'bevacizumab', 'cetuximab', 'methotrexate', 'panitumumab', 'regorafenib', 'oxaliplatin', 'fluorouracil', 'leucovorin', 'capecitabine', 'irinotecan', 'bevacizumab', 'cetuximab', 'methotrexate', 'panitumumab', 'regorafenib', 'oxaliplatin', 'fluorouracil', 'leucovorin', 'capecitabine', 'irinotecan', 'bevacizumab', 'cetuximab', 'methotrexate', 'panitumumab', 'regorafenib', 'oxaliplatin', 'fluorouracil', 'leucovorin', 'capecitabine', 'irinotecan', 'bevacizumab', 'cetuximab', 'methotrexate', 'panitumumab', 'regorafenib', 'oxaliplatin', 'fluorouracil', 'leucovorin', 'capecitabine', 'irinotecan', 'bevacizumab', 'cetuximab', 'methotrexate', 'panitumumab', 'regorafenib', 'oxaliplatin', 'fluorouracil', 'leucovorin', 'capecitabine', 'irinotecan', 'bevacizumab', 'cetuximab', 'methotrexate', 'panitumumab', 'regorafenib', 'oxaliplatin', 'fluorouracil', 'leucovorin', 'capecitabine', 'irinotecan', 'bevacizumab', 'cetuximab', 'methotrexate', 'panitumumab', 'regorafenib']"
conjunctivitis,"['sulfacetamide sodium', 'dexamethasone', 'diclofenac', 'loteprednol', 'gatifloxacin', 'triamcinolone', 'ceftriaxone', 'lodoxamide', 'cortisone']"
croup,['dexamethasone']
cryptococcosis,"['fluconazole', 'amphotericin b', 'flucytosine', 'amphotericin b liposomal', 'itraconazole', 'amphotericin b lipid complex']"
cystic fibrosis,"['azithromycin', 'tobramycin', 'dornase alfa', 'pancrelipase', 'vitamin e', 'ivacaftor', 'amikacin', 'aztreonam', 'gentamicin', 'ivacaftor / lumacaftor']"
dementia,"['haloperidol', 'ergoloid mesylates', 'haloperidol', 'ergoloid mesylates']"
dengue fever,"['acetaminophen', 'acetaminophen', 'acetaminophen']"
depression,"['bupropion', 'sertraline', 'citalopram', 'fluoxetine', 'escitalopram', 'venlafaxine', 'duloxetine', 'trazodone', 'mirtazapine', 'paroxetine']"
diabetes insipidus,"['hydrochlorothiazide', 'desmopressin', 'vasopressin', 'hydrochlorothiazide', 'desmopressin', 'vasopressin']"
diabetic ketoacidosis,"['sodium bicarbonate', 'insulin regular', 'insulin lispro', 'insulin aspart', 'insulin glulisine', 'sodium bicarbonate', 'insulin regular', 'insulin lispro', 'insulin aspart', 'insulin glulisine']"
diabetic peripheral neuropathy,"['gabapentin', 'pregabalin', 'duloxetine', 'tapentadol', 'topiramate', 'capsaicin', 'nortriptyline', 'carbamazepine', 'mexiletine', 'gabapentin', 'pregabalin', 'duloxetine', 'tapentadol', 'topiramate', 'capsaicin', 'nortriptyline', 'carbamazepine', 'mexiletine', 'gabapentin', 'pregabalin', 'duloxetine', 'tapentadol', 'topiramate', 'capsaicin', 'nortriptyline', 'carbamazepine', 'mexiletine']"
diabetic retinopathy,"['ranibizumab', 'aflibercept']"
diaper rash,"['zinc oxide', 'miconazole / zinc oxide', 'lanolin', 'menthol / zinc oxide', 'vitamin a & d', 'vitamins a, d, and e', 'zinc oxide', 'miconazole / zinc oxide', 'lanolin', 'menthol / zinc oxide', 'vitamin a & d', 'vitamins a, d, and e', 'zinc oxide', 'miconazole / zinc oxide', 'lanolin', 'menthol / zinc oxide', 'vitamin a & d', 'vitamins a, d, and e', 'zinc oxide', 'miconazole / zinc oxide', 'lanolin', 'menthol / zinc oxide', 'vitamin a & d', 'vitamins a, d, and e', 'zinc oxide', 'miconazole / zinc oxide', 'lanolin', 'menthol / zinc oxide', 'vitamin a & d', 'vitamins a, d, and e']"
diverticulitis,"['metronidazole', 'ciprofloxacin', 'clindamycin', 'sulfamethoxazole / trimethoprim']"
dumping syndrome,"['pantoprazole', 'cholestyramine', 'acarbose', 'methscopolamine', 'octreotide']"
ear wax impaction,"['carbamide peroxide', 'carbamide peroxide']"
ectopic pregnancy,"['methotrexate', 'methotrexate']"
eczema,"['triamcinolone', 'mometasone', 'hydrocortisone', 'clobetasol', 'desonide', 'prednisone', 'fluocinonide', 'ranitidine', 'desoximetasone', 'methotrexate', 'halobetasol', 'pimecrolimus', 'dexamethasone', 'fluocinolone', 'alclometasone', 'azathioprine', 'triamcinolone', 'mometasone', 'hydrocortisone', 'clobetasol', 'desonide', 'prednisone', 'fluocinonide', 'ranitidine', 'desoximetasone', 'methotrexate', 'halobetasol', 'pimecrolimus', 'dexamethasone', 'fluocinolone', 'alclometasone', 'azathioprine', 'triamcinolone', 'mometasone', 'hydrocortisone', 'clobetasol', 'desonide', 'prednisone', 'fluocinonide', 'ranitidine', 'desoximetasone', 'methotrexate', 'halobetasol', 'pimecrolimus', 'dexamethasone', 'fluocinolone', 'alclometasone', 'azathioprine', 'triamcinolone', 'mometasone', 'hydrocortisone', 'clobetasol', 'desonide', 'prednisone', 'fluocinonide', 'ranitidine', 'desoximetasone', 'methotrexate', 'halobetasol', 'pimecrolimus', 'dexamethasone', 'fluocinolone', 'alclometasone', 'azathioprine', 'triamcinolone', 'mometasone', 'hydrocortisone', 'clobetasol', 'desonide', 'prednisone', 'fluocinonide', 'ranitidine', 'desoximetasone', 'methotrexate', 'halobetasol', 'pimecrolimus', 'dexamethasone', 'fluocinolone', 'alclometasone', 'azathioprine']"
endocarditis,"['vancomycin', 'ceftriaxone', 'ampicillin', 'rifampin', 'metronidazole', 'cefazolin', 'ceftazidime', 'daptomycin', 'gentamicin', 'cilastatin / imipenem', 'oxacillin', 'tobramycin', 'streptomycin']"
endometrial cancer,"['megestrol', 'medroxyprogesterone', 'anastrozole', 'cyclophosphamide', 'pembrolizumab', 'lenvatinib', 'megestrol', 'medroxyprogesterone', 'anastrozole', 'cyclophosphamide', 'pembrolizumab', 'lenvatinib', 'megestrol', 'medroxyprogesterone', 'anastrozole', 'cyclophosphamide', 'pembrolizumab', 'lenvatinib', 'megestrol', 'medroxyprogesterone', 'anastrozole', 'cyclophosphamide', 'pembrolizumab', 'lenvatinib', 'megestrol', 'medroxyprogesterone', 'anastrozole', 'cyclophosphamide', 'pembrolizumab', 'lenvatinib', 'megestrol', 'medroxyprogesterone', 'anastrozole', 'cyclophosphamide', 'pembrolizumab', 'lenvatinib', 'megestrol', 'medroxyprogesterone', 'anastrozole', 'cyclophosphamide', 'pembrolizumab', 'lenvatinib', 'megestrol', 'medroxyprogesterone', 'anastrozole', 'cyclophosphamide', 'pembrolizumab', 'lenvatinib']"
endometrial hyperplasia,['megestrol']
endometriosis,"['norethindrone', 'medroxyprogesterone', 'progesterone', 'ethinyl estradiol / levonorgestrel', 'danazol', 'leuprolide', 'ethinyl estradiol / norethindrone', 'ethinyl estradiol / norgestimate']"
epilepsy,"['levetiracetam', 'carbamazepine', 'gabapentin', 'lamotrigine', 'divalproex sodium', 'phenytoin', 'valproic acid', 'oxcarbazepine']"
erectile dysfunction,"['sildenafil', 'tadalafil', 'vardenafil', 'alprostadil', 'avanafil', 'sildenafil', 'tadalafil', 'vardenafil', 'alprostadil', 'avanafil', 'sildenafil', 'tadalafil', 'vardenafil', 'alprostadil', 'avanafil', 'sildenafil', 'tadalafil', 'vardenafil', 'alprostadil', 'avanafil', 'sildenafil', 'tadalafil', 'vardenafil', 'alprostadil', 'avanafil']"
esophageal varices,['ethanolamine oleate']
fibrocystic breast disease,['danazol']
fibromyalgia,"['gabapentin', 'tramadol', 'cyclobenzaprine', 'duloxetine', 'amitriptyline', 'trazodone', 'pregabalin', 'meloxicam', 'guaifenesin', 'armodafinil', 'nabilone', 'prednisone', 'milnacipran', 'topiramate', 'escitalopram', 'metaxalone', 'naltrexone', 'venlafaxine', 'fluoxetine', 'sodium oxybate']"
gastrointestinal hemorrhage,"['ranitidine', 'omeprazole / sodium bicarbonate', 'vasopressin', 'aluminum hydroxide']"
gastroparesis,"['metoclopramide', 'metoclopramide']"
gestational diabetes,"['insulin isophane', 'insulin regular', 'insulin isophane / insulin regular']"
glaucoma,"['acetazolamide', 'brimonidine / timolol', 'pilocarpine', 'methazolamide', 'nadolol', 'apraclonidine', 'carbachol', 'mitomycin', 'echothiophate iodide']"
gout,"['allopurinol', 'febuxostat', 'probenecid', 'pegloticase', 'allopurinol / lesinurad', 'lesinurad', 'rilonacept']"
granuloma inguinale,"['azithromycin', 'doxycycline', 'minocycline', 'sulfamethoxazole / trimethoprim', 'ciprofloxacin']"
head and neck cancer,"['cetuximab', 'methotrexate', 'nivolumab', 'pembrolizumab', 'docetaxel', 'cetuximab', 'methotrexate', 'nivolumab', 'pembrolizumab', 'docetaxel']"
head injury,"['amantadine', 'risperidone', 'amantadine', 'risperidone', 'amantadine', 'risperidone', 'amantadine', 'risperidone']"
hemangioma,"['propranolol', 'propranolol', 'propranolol', 'propranolol', 'propranolol', 'propranolol']"
hemochromatosis,"['deferasirox', 'deferasirox']"
hemolytic anemia,"['dexamethasone', 'triamcinolone', 'cortisone']"
hemorrhoids,"['hydrocortisone', 'lidocaine', 'hydrocortisone / pramoxine', 'phenylephrine', 'dibucaine', 'hydrocortisone / lidocaine', 'pramoxine', 'hydrocortisone', 'lidocaine', 'hydrocortisone / pramoxine', 'phenylephrine', 'dibucaine', 'hydrocortisone / lidocaine', 'pramoxine']"
hepatic encephalopathy,"['lactulose', 'rifaximin', 'neomycin']"
herniated disk,"['naproxen', 'ibuprofen']"
hiatal hernia,"['omeprazole', 'ranitidine', 'lansoprazole', 'famotidine', 'aluminum hydroxide / magnesium hydroxide / simethicone', 'aluminum hydroxide / magnesium trisilicate', 'omeprazole', 'ranitidine', 'lansoprazole', 'famotidine', 'aluminum hydroxide / magnesium hydroxide / simethicone', 'aluminum hydroxide / magnesium trisilicate']"
hidradenitis suppurativa,['adalimumab']
hirsutism,"['spironolactone', 'eflornithine', 'flutamide', 'leuprolide']"
histoplasmosis,"['itraconazole', 'fluconazole', 'ketoconazole', 'amphotericin b lipid complex']"
hydrocephalus,['acetazolamide']
hypercalcemia,"['furosemide', 'calcitonin', 'pamidronate']"
hyperhidrosis,"['oxybutynin', 'aluminum chloride hexahydrate', 'clonidine', 'terazosin', 'benztropine', 'gabapentin', 'amitriptyline', 'glycopyrronium', 'onabotulinumtoxinA', 'oxybutynin', 'aluminum chloride hexahydrate', 'clonidine', 'terazosin', 'benztropine', 'gabapentin', 'amitriptyline', 'glycopyrronium', 'onabotulinumtoxinA', 'oxybutynin', 'aluminum chloride hexahydrate', 'clonidine', 'terazosin', 'benztropine', 'gabapentin', 'amitriptyline', 'glycopyrronium', 'onabotulinumtoxinA', 'oxybutynin', 'aluminum chloride hexahydrate', 'clonidine', 'terazosin', 'benztropine', 'gabapentin', 'amitriptyline', 'glycopyrronium', 'onabotulinumtoxinA', 'oxybutynin', 'aluminum chloride hexahydrate', 'clonidine', 'terazosin', 'benztropine', 'gabapentin', 'amitriptyline', 'glycopyrronium', 'onabotulinumtoxinA']"
hyperkalemia,"['calcium gluconate', 'sodium bicarbonate', 'sodium polystyrene sulfonate', 'patiromer', 'insulin regular', 'calcium chloride', 'sodium zirconium cyclosilicate']"
hypocalcemia,"['calcitriol', 'calcium carbonate', 'calcium gluconate', 'ergocalciferol', 'parathyroid hormone', 'calcifediol', 'calcium chloride', 'calcium lactate', 'calcium phosphate, tribasic']"
hypoglycemia,"['glucagon', 'diazoxide', 'glucagon', 'diazoxide']"
hypokalemia,"['potassium chloride', 'spironolactone', 'potassium gluconate', 'potassium bicarbonate', 'potassium bicarbonate / potassium chloride', 'potassium chloride', 'spironolactone', 'potassium gluconate', 'potassium bicarbonate', 'potassium bicarbonate / potassium chloride']"
hyponatremia,"['tolvaptan', 'urea', 'sodium acetate']"
hypovolemia,"['hetastarch', 'hydroxyethyl starch']"
impetigo,"['mupirocin', 'cefadroxil', 'cefuroxime', 'retapamulin', 'sulconazole', 'ozenoxacin', 'ammoniated mercury']"
indigestion,"['omeprazole', 'ranitidine', 'famotidine', 'bismuth subsalicylate', 'aluminum hydroxide / magnesium hydroxide / simethicone', 'calcium carbonate', 'magnesium hydroxide', 'omeprazole', 'ranitidine', 'famotidine', 'bismuth subsalicylate', 'aluminum hydroxide / magnesium hydroxide / simethicone', 'calcium carbonate', 'magnesium hydroxide', 'omeprazole', 'ranitidine', 'famotidine', 'bismuth subsalicylate', 'aluminum hydroxide / magnesium hydroxide / simethicone', 'calcium carbonate', 'magnesium hydroxide']"
interstitial lung disease,"['prednisone', 'prednisone', 'prednisone']"
iridocyclitis,"['prednisone', 'corticotropin', 'dexamethasone', 'triamcinolone', 'cortisone']"
iron deficiency anemia,"['ferrous sulfate', 'ferrous gluconate', 'ferrous fumarate', 'iron polysaccharide', 'ferumoxytol', 'iron sucrose', 'ferrous sulfate', 'ferrous gluconate', 'ferrous fumarate', 'iron polysaccharide', 'ferumoxytol', 'iron sucrose', 'ferrous sulfate', 'ferrous gluconate', 'ferrous fumarate', 'iron polysaccharide', 'ferumoxytol', 'iron sucrose', 'ferrous sulfate', 'ferrous gluconate', 'ferrous fumarate', 'iron polysaccharide', 'ferumoxytol', 'iron sucrose']"
irritable bowel syndrome,"['dicyclomine', 'hyoscyamine', 'amitriptyline', 'chlordiazepoxide / clidinium', 'atropine / hyoscyamine / phenobarbital / scopolamine', 'cholestyramine', 'escitalopram', 'nortriptyline', 'psyllium', 'venlafaxine', 'dicyclomine', 'hyoscyamine', 'amitriptyline', 'chlordiazepoxide / clidinium', 'atropine / hyoscyamine / phenobarbital / scopolamine', 'cholestyramine', 'escitalopram', 'nortriptyline', 'psyllium', 'venlafaxine', 'dicyclomine', 'hyoscyamine', 'amitriptyline', 'chlordiazepoxide / clidinium', 'atropine / hyoscyamine / phenobarbital / scopolamine', 'cholestyramine', 'escitalopram', 'nortriptyline', 'psyllium', 'venlafaxine']"
juvenile rheumatoid arthritis,"['meloxicam', 'naproxen', 'prednisone', 'sulfasalazine', 'celecoxib', 'etodolac', 'aspirin', 'ibuprofen', 'dexamethasone', 'etanercept', 'oxaprozin', 'sulindac', 'meloxicam', 'naproxen', 'prednisone', 'sulfasalazine', 'celecoxib', 'etodolac', 'aspirin', 'ibuprofen', 'dexamethasone', 'etanercept', 'oxaprozin', 'sulindac', 'meloxicam', 'naproxen', 'prednisone', 'sulfasalazine', 'celecoxib', 'etodolac', 'aspirin', 'ibuprofen', 'dexamethasone', 'etanercept', 'oxaprozin', 'sulindac']"
lactose intolerance,['lactase']
leukemia,"['prednisone', 'dexamethasone', 'cytarabine', 'dasatinib', 'idarubicin', 'triamcinolone', 'fludarabine', 'prednisone', 'dexamethasone', 'cytarabine', 'dasatinib', 'idarubicin', 'triamcinolone', 'fludarabine']"
lewy body dementia,"['donepezil', 'rivastigmine', 'donepezil', 'rivastigmine', 'donepezil', 'rivastigmine', 'donepezil', 'rivastigmine']"
lice,"['permethrin', 'lindane', 'piperonyl butoxide / pyrethrins', 'spinosad', 'permethrin', 'lindane', 'piperonyl butoxide / pyrethrins', 'spinosad', 'permethrin', 'lindane', 'piperonyl butoxide / pyrethrins', 'spinosad', 'permethrin', 'lindane', 'piperonyl butoxide / pyrethrins', 'spinosad', 'permethrin', 'lindane', 'piperonyl butoxide / pyrethrins', 'spinosad', 'permethrin', 'lindane', 'piperonyl butoxide / pyrethrins', 'spinosad', 'permethrin', 'lindane', 'piperonyl butoxide / pyrethrins', 'spinosad']"
lichen planus,"['clobetasol', 'triamcinolone', 'prednisone', 'triamcinolone', 'betamethasone', 'fluocinonide']"
lyme disease,"['doxycycline', 'cefuroxime', 'ceftriaxone', 'erythromycin', 'cefotaxime', 'doxycycline', 'cefuroxime', 'ceftriaxone', 'erythromycin', 'cefotaxime']"
lymphogranuloma venereum,"['erythromycin', 'doxycycline']"
lymphoma,"['prednisone', 'dexamethasone', 'doxorubicin', 'methotrexate', 'brentuximab', 'chlorambucil', 'lenalidomide', 'ibrutinib', 'nelarabine', 'bortezomib', 'pralatrexate', 'prednisone', 'dexamethasone', 'doxorubicin', 'methotrexate', 'brentuximab', 'chlorambucil', 'lenalidomide', 'ibrutinib', 'nelarabine', 'bortezomib', 'pralatrexate']"
macular degeneration,"['ranibizumab', 'aflibercept', 'bevacizumab', 'verteporfin', 'pegaptanib', 'brolucizumab']"
malaria,"['artemether / lumefantrine', 'mefloquine', 'doxycycline', 'chloroquine', 'hydroxychloroquine', 'atovaquone / proguanil', 'clindamycin', 'primaquine', 'atovaquone']"
melanoma,"['interferon alfa-2b', 'nivolumab', 'ipilimumab', 'pembrolizumab', 'dacarbazine', 'aldesleukin', 'temozolomide', 'peginterferon alfa-2b', 'talimogene laherparepvec', 'interferon alfa-2b', 'nivolumab', 'ipilimumab', 'pembrolizumab', 'dacarbazine', 'aldesleukin', 'temozolomide', 'peginterferon alfa-2b', 'talimogene laherparepvec', 'interferon alfa-2b', 'nivolumab', 'ipilimumab', 'pembrolizumab', 'dacarbazine', 'aldesleukin', 'temozolomide', 'peginterferon alfa-2b', 'talimogene laherparepvec', 'interferon alfa-2b', 'nivolumab', 'ipilimumab', 'pembrolizumab', 'dacarbazine', 'aldesleukin', 'temozolomide', 'peginterferon alfa-2b', 'talimogene laherparepvec']"
meningitis,"['ceftriaxone', 'meropenem', 'vancomycin', 'sulfamethoxazole / trimethoprim', 'metronidazole', 'cefotaxime', 'rifampin', 'chloramphenicol', 'amikacin', 'triamcinolone', 'gentamicin', 'ampicillin', 'ceftazidime', 'cefuroxime', 'cilastatin / imipenem']"
migraine,"['sumatriptan', 'rizatriptan', 'gabapentin', 'aspirin / butalbital / caffeine', 'cyclobenzaprine', 'diclofenac', 'naratriptan', 'almotriptan', 'zolmitriptan', 'eletriptan', 'sumatriptan', 'rizatriptan', 'gabapentin', 'aspirin / butalbital / caffeine', 'cyclobenzaprine', 'diclofenac', 'naratriptan', 'almotriptan', 'zolmitriptan', 'eletriptan', 'sumatriptan', 'rizatriptan', 'gabapentin', 'aspirin / butalbital / caffeine', 'cyclobenzaprine', 'diclofenac', 'naratriptan', 'almotriptan', 'zolmitriptan', 'eletriptan', 'sumatriptan', 'rizatriptan', 'gabapentin', 'aspirin / butalbital / caffeine', 'cyclobenzaprine', 'diclofenac', 'naratriptan', 'almotriptan', 'zolmitriptan', 'eletriptan', 'sumatriptan', 'rizatriptan', 'gabapentin', 'aspirin / butalbital / caffeine', 'cyclobenzaprine', 'diclofenac', 'naratriptan', 'almotriptan', 'zolmitriptan', 'eletriptan', 'sumatriptan', 'rizatriptan', 'gabapentin', 'aspirin / butalbital / caffeine', 'cyclobenzaprine', 'diclofenac', 'naratriptan', 'almotriptan', 'zolmitriptan', 'eletriptan']"
molluscum contagiosum,['imiquimod']
mononucleosis,"['acyclovir', 'acyclovir', 'acyclovir']"
mucositis,"['chlorhexidine', 'palifermin', 'saliva substitutes', 'sodium hyaluronate']"
multiple myeloma,"['dexamethasone', 'thalidomide', 'cyclophosphamide', 'lenalidomide', 'bortezomib', 'carfilzomib', 'pomalidomide', 'daratumumab', 'melphalan', 'dexamethasone', 'thalidomide', 'cyclophosphamide', 'lenalidomide', 'bortezomib', 'carfilzomib', 'pomalidomide', 'daratumumab', 'melphalan', 'dexamethasone', 'thalidomide', 'cyclophosphamide', 'lenalidomide', 'bortezomib', 'carfilzomib', 'pomalidomide', 'daratumumab', 'melphalan', 'dexamethasone', 'thalidomide', 'cyclophosphamide', 'lenalidomide', 'bortezomib', 'carfilzomib', 'pomalidomide', 'daratumumab', 'melphalan', 'dexamethasone', 'thalidomide', 'cyclophosphamide', 'lenalidomide', 'bortezomib', 'carfilzomib', 'pomalidomide', 'daratumumab', 'melphalan', 'dexamethasone', 'thalidomide', 'cyclophosphamide', 'lenalidomide', 'bortezomib', 'carfilzomib', 'pomalidomide', 'daratumumab', 'melphalan', 'dexamethasone', 'thalidomide', 'cyclophosphamide', 'lenalidomide', 'bortezomib', 'carfilzomib', 'pomalidomide', 'daratumumab', 'melphalan', 'dexamethasone', 'thalidomide', 'cyclophosphamide', 'lenalidomide', 'bortezomib', 'carfilzomib', 'pomalidomide', 'daratumumab', 'melphalan', 'dexamethasone', 'thalidomide', 'cyclophosphamide', 'lenalidomide', 'bortezomib', 'carfilzomib', 'pomalidomide', 'daratumumab', 'melphalan', 'dexamethasone', 'thalidomide', 'cyclophosphamide', 'lenalidomide', 'bortezomib', 'carfilzomib', 'pomalidomide', 'daratumumab', 'melphalan']"
multiple sclerosis,"['prednisone', 'glatiramer', 'dalfampridine', 'fingolimod', 'interferon beta-1a', 'dexamethasone', 'dimethyl fumarate', 'natalizumab', 'teriflunomide', 'prednisone', 'glatiramer', 'dalfampridine', 'fingolimod', 'interferon beta-1a', 'dexamethasone', 'dimethyl fumarate', 'natalizumab', 'teriflunomide']"
myasthenia gravis,"['pyridostigmine', 'azathioprine', 'mycophenolate mofetil', 'neostigmine', 'immune globulin intravenous', 'ephedrine', 'eculizumab']"
myelodysplastic syndrome,"['filgrastim', 'azacitidine', 'decitabine', 'filgrastim', 'azacitidine', 'decitabine']"
narcolepsy,"['modafinil', 'methylphenidate', 'dextroamphetamine', 'amphetamine / dextroamphetamine', 'armodafinil', 'amphetamine', 'desvenlafaxine', 'sodium oxybate', 'ephedrine', 'lisdexamfetamine', 'solriamfetol', 'modafinil', 'methylphenidate', 'dextroamphetamine', 'amphetamine / dextroamphetamine', 'armodafinil', 'amphetamine', 'desvenlafaxine', 'sodium oxybate', 'ephedrine', 'lisdexamfetamine', 'solriamfetol', 'modafinil', 'methylphenidate', 'dextroamphetamine', 'amphetamine / dextroamphetamine', 'armodafinil', 'amphetamine', 'desvenlafaxine', 'sodium oxybate', 'ephedrine', 'lisdexamfetamine', 'solriamfetol']"
neuralgia,"['baclofen', 'nortriptyline', 'pregabalin', 'methylprednisolone', 'levetiracetam', 'citalopram', 'desvenlafaxine', 'baclofen', 'nortriptyline', 'pregabalin', 'methylprednisolone', 'levetiracetam', 'citalopram', 'desvenlafaxine']"
neurofibromatosis,"['bevacizumab', 'bevacizumab', 'bevacizumab', 'bevacizumab', 'bevacizumab', 'bevacizumab', 'bevacizumab', 'bevacizumab', 'bevacizumab']"
neurosis,"['nortriptyline', 'nortriptyline', 'nortriptyline']"
obesity,"['phentermine', 'topiramate', 'phendimetrazine', 'bupropion', 'orlistat', 'diethylpropion', 'methamphetamine', 'lorcaserin', 'phentermine / topiramate', 'bupropion / naltrexone', 'phentermine', 'topiramate', 'phendimetrazine', 'bupropion', 'orlistat', 'diethylpropion', 'methamphetamine', 'lorcaserin', 'phentermine / topiramate', 'bupropion / naltrexone', 'phentermine', 'topiramate', 'phendimetrazine', 'bupropion', 'orlistat', 'diethylpropion', 'methamphetamine', 'lorcaserin', 'phentermine / topiramate', 'bupropion / naltrexone']"
onychomycosis,"['undecylenic acid', 'undecylenic acid', 'undecylenic acid', 'undecylenic acid', 'undecylenic acid']"
optic neuritis,['corticotropin']
osteoarthritis,"['meloxicam', 'diclofenac', 'naproxen', 'ibuprofen', 'celecoxib', 'chondroitin / glucosamine', 'diclofenac', 'etodolac', 'prednisone', 'aspirin', 'nabumetone', 'duloxetine', 'meloxicam', 'diclofenac', 'naproxen', 'ibuprofen', 'celecoxib', 'chondroitin / glucosamine', 'diclofenac', 'etodolac', 'prednisone', 'aspirin', 'nabumetone', 'duloxetine', 'meloxicam', 'diclofenac', 'naproxen', 'ibuprofen', 'celecoxib', 'chondroitin / glucosamine', 'diclofenac', 'etodolac', 'prednisone', 'aspirin', 'nabumetone', 'duloxetine', 'meloxicam', 'diclofenac', 'naproxen', 'ibuprofen', 'celecoxib', 'chondroitin / glucosamine', 'diclofenac', 'etodolac', 'prednisone', 'aspirin', 'nabumetone', 'duloxetine', 'meloxicam', 'diclofenac', 'naproxen', 'ibuprofen', 'celecoxib', 'chondroitin / glucosamine', 'diclofenac', 'etodolac', 'prednisone', 'aspirin', 'nabumetone', 'duloxetine', 'meloxicam', 'diclofenac', 'naproxen', 'ibuprofen', 'celecoxib', 'chondroitin / glucosamine', 'diclofenac', 'etodolac', 'prednisone', 'aspirin', 'nabumetone', 'duloxetine', 'meloxicam', 'diclofenac', 'naproxen', 'ibuprofen', 'celecoxib', 'chondroitin / glucosamine', 'diclofenac', 'etodolac', 'prednisone', 'aspirin', 'nabumetone', 'duloxetine', 'meloxicam', 'diclofenac', 'naproxen', 'ibuprofen', 'celecoxib', 'chondroitin / glucosamine', 'diclofenac', 'etodolac', 'prednisone', 'aspirin', 'nabumetone', 'duloxetine', 'meloxicam', 'diclofenac', 'naproxen', 'ibuprofen', 'celecoxib', 'chondroitin / glucosamine', 'diclofenac', 'etodolac', 'prednisone', 'aspirin', 'nabumetone', 'duloxetine', 'meloxicam', 'diclofenac', 'naproxen', 'ibuprofen', 'celecoxib', 'chondroitin / glucosamine', 'diclofenac', 'etodolac', 'prednisone', 'aspirin', 'nabumetone', 'duloxetine', 'meloxicam', 'diclofenac', 'naproxen', 'ibuprofen', 'celecoxib', 'chondroitin / glucosamine', 'diclofenac', 'etodolac', 'prednisone', 'aspirin', 'nabumetone', 'duloxetine']"
osteoporosis,"['alendronate', 'calcium / vitamin d', 'calcium carbonate', 'risedronate', 'denosumab', 'ibandronate', 'hydrochlorothiazide', 'raloxifene', 'calcitonin', 'estradiol', 'teriparatide', 'zoledronic acid', 'alendronate', 'calcium / vitamin d', 'calcium carbonate', 'risedronate', 'denosumab', 'ibandronate', 'hydrochlorothiazide', 'raloxifene', 'calcitonin', 'estradiol', 'teriparatide', 'zoledronic acid']"
otitis media,"['amoxicillin', 'cefdinir', 'amoxicillin / clavulanate', 'azithromycin', 'cephalexin', 'ofloxacin', 'clarithromycin', 'sulfamethoxazole / trimethoprim', 'cefuroxime', 'hydrocortisone / neomycin / polymyxin b', 'levofloxacin', 'ciprofloxacin / dexamethasone', 'erythromycin', 'amoxicillin', 'cefdinir', 'amoxicillin / clavulanate', 'azithromycin', 'cephalexin', 'ofloxacin', 'clarithromycin', 'sulfamethoxazole / trimethoprim', 'cefuroxime', 'hydrocortisone / neomycin / polymyxin b', 'levofloxacin', 'ciprofloxacin / dexamethasone', 'erythromycin', 'amoxicillin', 'cefdinir', 'amoxicillin / clavulanate', 'azithromycin', 'cephalexin', 'ofloxacin', 'clarithromycin', 'sulfamethoxazole / trimethoprim', 'cefuroxime', 'hydrocortisone / neomycin / polymyxin b', 'levofloxacin', 'ciprofloxacin / dexamethasone', 'erythromycin', 'amoxicillin', 'cefdinir', 'amoxicillin / clavulanate', 'azithromycin', 'cephalexin', 'ofloxacin', 'clarithromycin', 'sulfamethoxazole / trimethoprim', 'cefuroxime', 'hydrocortisone / neomycin / polymyxin b', 'levofloxacin', 'ciprofloxacin / dexamethasone', 'erythromycin', 'amoxicillin', 'cefdinir', 'amoxicillin / clavulanate', 'azithromycin', 'cephalexin', 'ofloxacin', 'clarithromycin', 'sulfamethoxazole / trimethoprim', 'cefuroxime', 'hydrocortisone / neomycin / polymyxin b', 'levofloxacin', 'ciprofloxacin / dexamethasone', 'erythromycin']"
ovarian cancer,"['carboplatin', 'paclitaxel', 'doxorubicin liposomal', 'olaparib', 'doxorubicin', 'gemcitabine', 'cisplatin', 'methotrexate', 'topotecan', 'bevacizumab', 'melphalan', 'carboplatin', 'paclitaxel', 'doxorubicin liposomal', 'olaparib', 'doxorubicin', 'gemcitabine', 'cisplatin', 'methotrexate', 'topotecan', 'bevacizumab', 'melphalan', 'carboplatin', 'paclitaxel', 'doxorubicin liposomal', 'olaparib', 'doxorubicin', 'gemcitabine', 'cisplatin', 'methotrexate', 'topotecan', 'bevacizumab', 'melphalan']"
pancreatic cancer,"['gemcitabine', 'fluorouracil', 'capecitabine', 'everolimus', 'paclitaxel protein-bound', 'pancreatin', 'methotrexate', 'irinotecan liposomal', 'erlotinib', 'bevacizumab', 'sunitinib', 'mitomycin', 'streptozocin', 'cetuximab', 'olaparib', 'gemcitabine', 'fluorouracil', 'capecitabine', 'everolimus', 'paclitaxel protein-bound', 'pancreatin', 'methotrexate', 'irinotecan liposomal', 'erlotinib', 'bevacizumab', 'sunitinib', 'mitomycin', 'streptozocin', 'cetuximab', 'olaparib', 'gemcitabine', 'fluorouracil', 'capecitabine', 'everolimus', 'paclitaxel protein-bound', 'pancreatin', 'methotrexate', 'irinotecan liposomal', 'erlotinib', 'bevacizumab', 'sunitinib', 'mitomycin', 'streptozocin', 'cetuximab', 'olaparib', 'gemcitabine', 'fluorouracil', 'capecitabine', 'everolimus', 'paclitaxel protein-bound', 'pancreatin', 'methotrexate', 'irinotecan liposomal', 'erlotinib', 'bevacizumab', 'sunitinib', 'mitomycin', 'streptozocin', 'cetuximab', 'olaparib']"
panic disorder,"['clonazepam', 'alprazolam', 'lorazepam', 'buspirone', 'sertraline', 'propranolol', 'fluoxetine', 'citalopram', 'venlafaxine', 'bupropion', 'paroxetine', 'clonazepam', 'alprazolam', 'lorazepam', 'buspirone', 'sertraline', 'propranolol', 'fluoxetine', 'citalopram', 'venlafaxine', 'bupropion', 'paroxetine', 'clonazepam', 'alprazolam', 'lorazepam', 'buspirone', 'sertraline', 'propranolol', 'fluoxetine', 'citalopram', 'venlafaxine', 'bupropion', 'paroxetine']"
paronychia,"['nystatin', 'clotrimazole', 'mupirocin', 'econazole', 'bacitracin / neomycin / polymyxin b', 'bacitracin / hydrocortisone / neomycin / polymyxin b', 'gentamicin']"
paroxysmal supraventricular tachycardia,"['flecainide', 'flecainide']"
pelvic inflammatory disease,"['doxycycline', 'metronidazole', 'clindamycin', 'azithromycin', 'ceftriaxone', 'levofloxacin', 'cefotaxime', 'ofloxacin', 'ceftazidime']"
pemphigus,"['prednisone', 'dapsone', 'niacinamide', 'azathioprine', 'prednisolone', 'rituximab', 'methotrexate', 'mycophenolate mofetil', 'dexamethasone', 'doxycycline', 'cyclophosphamide', 'tetracycline', 'cyclosporine', 'minocycline']"
peripheral arterial disease,"['clopidogrel', 'vorapaxar', 'rivaroxaban', 'clopidogrel', 'vorapaxar', 'rivaroxaban', 'clopidogrel', 'vorapaxar', 'rivaroxaban']"
peritonitis,"['clindamycin', 'metronidazole', 'ciprofloxacin', 'vancomycin', 'ceftazidime', 'cefotaxime', 'ceftriaxone', 'albumin human', 'cefazolin', 'cilastatin / imipenem', 'gentamicin', 'piperacillin / tazobactam', 'cefuroxime']"
pharyngitis,"['azithromycin', 'prednisone', 'cephalexin', 'erythromycin', 'clarithromycin', 'ampicillin', 'dicloxacillin']"
pituitary adenoma,['octreotide']
plantar fasciitis,"['ibuprofen', 'acetaminophen']"
pleural effusion,"['doxycycline', 'sterile talc']"
pneumonia,"['levofloxacin', 'clarithromycin', 'ceftriaxone', 'azithromycin', 'doxycycline', 'amoxicillin', 'ciprofloxacin', 'clindamycin', 'cefdinir', 'amoxicillin / clavulanate', 'sulfamethoxazole / trimethoprim', 'cefotaxime', 'metronidazole', 'moxifloxacin', 'cefuroxime', 'levofloxacin', 'clarithromycin', 'ceftriaxone', 'azithromycin', 'doxycycline', 'amoxicillin', 'ciprofloxacin', 'clindamycin', 'cefdinir', 'amoxicillin / clavulanate', 'sulfamethoxazole / trimethoprim', 'cefotaxime', 'metronidazole', 'moxifloxacin', 'cefuroxime', 'levofloxacin', 'clarithromycin', 'ceftriaxone', 'azithromycin', 'doxycycline', 'amoxicillin', 'ciprofloxacin', 'clindamycin', 'cefdinir', 'amoxicillin / clavulanate', 'sulfamethoxazole / trimethoprim', 'cefotaxime', 'metronidazole', 'moxifloxacin', 'cefuroxime']"
polycystic kidney disease,"['enalapril', 'lisinopril', 'captopril', 'enalapril', 'lisinopril', 'captopril', 'enalapril', 'lisinopril', 'captopril', 'enalapril', 'lisinopril', 'captopril']"
polycythemia vera,"['hydroxyurea', 'ruxolitinib']"
polymyalgia rheumatica,"['prednisone', 'ibuprofen']"
postpartum depression,"['sertraline', 'citalopram', 'fluoxetine', 'venlafaxine', 'paroxetine', 'brexanolone', 'sertraline', 'citalopram', 'fluoxetine', 'venlafaxine', 'paroxetine', 'brexanolone', 'sertraline', 'citalopram', 'fluoxetine', 'venlafaxine', 'paroxetine', 'brexanolone', 'sertraline', 'citalopram', 'fluoxetine', 'venlafaxine', 'paroxetine', 'brexanolone', 'sertraline', 'citalopram', 'fluoxetine', 'venlafaxine', 'paroxetine', 'brexanolone', 'sertraline', 'citalopram', 'fluoxetine', 'venlafaxine', 'paroxetine', 'brexanolone']"
prostate cancer,"['bicalutamide', 'leuprolide', 'abiraterone', 'enzalutamide', 'degarelix', 'goserelin', 'docetaxel', 'estradiol', 'flutamide', 'triptorelin', 'bicalutamide', 'leuprolide', 'abiraterone', 'enzalutamide', 'degarelix', 'goserelin', 'docetaxel', 'estradiol', 'flutamide', 'triptorelin', 'bicalutamide', 'leuprolide', 'abiraterone', 'enzalutamide', 'degarelix', 'goserelin', 'docetaxel', 'estradiol', 'flutamide', 'triptorelin']"
prostatitis,"['ciprofloxacin', 'doxycycline', 'oxybutynin', 'levofloxacin', 'sulfamethoxazole / trimethoprim', 'cephalexin', 'moxifloxacin', 'ofloxacin', 'ciprofloxacin', 'doxycycline', 'oxybutynin', 'levofloxacin', 'sulfamethoxazole / trimethoprim', 'cephalexin', 'moxifloxacin', 'ofloxacin', 'ciprofloxacin', 'doxycycline', 'oxybutynin', 'levofloxacin', 'sulfamethoxazole / trimethoprim', 'cephalexin', 'moxifloxacin', 'ofloxacin', 'ciprofloxacin', 'doxycycline', 'oxybutynin', 'levofloxacin', 'sulfamethoxazole / trimethoprim', 'cephalexin', 'moxifloxacin', 'ofloxacin', 'ciprofloxacin', 'doxycycline', 'oxybutynin', 'levofloxacin', 'sulfamethoxazole / trimethoprim', 'cephalexin', 'moxifloxacin', 'ofloxacin', 'ciprofloxacin', 'doxycycline', 'oxybutynin', 'levofloxacin', 'sulfamethoxazole / trimethoprim', 'cephalexin', 'moxifloxacin', 'ofloxacin']"
pseudohypoparathyroidism,"['calcium lactate', 'calcium phosphate, tribasic']"
pseudotumor cerebri,"['acetazolamide', 'acetazolamide', 'acetazolamide', 'acetazolamide', 'acetazolamide', 'acetazolamide']"
psoriasis,"['clobetasol', 'methotrexate', 'triamcinolone', 'fluocinonide', 'triamcinolone', 'calcipotriene', 'mometasone', 'desonide', 'prednisone', 'acitretin', 'cyclosporine', 'hydrocortisone', 'ustekinumab', 'adalimumab', 'betamethasone / calcipotriene', 'clobetasol', 'methotrexate', 'triamcinolone', 'fluocinonide', 'triamcinolone', 'calcipotriene', 'mometasone', 'desonide', 'prednisone', 'acitretin', 'cyclosporine', 'hydrocortisone', 'ustekinumab', 'adalimumab', 'betamethasone / calcipotriene', 'clobetasol', 'methotrexate', 'triamcinolone', 'fluocinonide', 'triamcinolone', 'calcipotriene', 'mometasone', 'desonide', 'prednisone', 'acitretin', 'cyclosporine', 'hydrocortisone', 'ustekinumab', 'adalimumab', 'betamethasone / calcipotriene', 'clobetasol', 'methotrexate', 'triamcinolone', 'fluocinonide', 'triamcinolone', 'calcipotriene', 'mometasone', 'desonide', 'prednisone', 'acitretin', 'cyclosporine', 'hydrocortisone', 'ustekinumab', 'adalimumab', 'betamethasone / calcipotriene', 'clobetasol', 'methotrexate', 'triamcinolone', 'fluocinonide', 'triamcinolone', 'calcipotriene', 'mometasone', 'desonide', 'prednisone', 'acitretin', 'cyclosporine', 'hydrocortisone', 'ustekinumab', 'adalimumab', 'betamethasone / calcipotriene', 'clobetasol', 'methotrexate', 'triamcinolone', 'fluocinonide', 'triamcinolone', 'calcipotriene', 'mometasone', 'desonide', 'prednisone', 'acitretin', 'cyclosporine', 'hydrocortisone', 'ustekinumab', 'adalimumab', 'betamethasone / calcipotriene']"
pulmonary embolism,"['rivaroxaban', 'apixaban', 'heparin', 'fondaparinux', 'dabigatran', 'alteplase', 'edoxaban', 'urokinase']"
pulmonary fibrosis,"['mycophenolate mofetil', 'infliximab', 'mycophenolate mofetil', 'infliximab', 'mycophenolate mofetil', 'infliximab', 'mycophenolate mofetil', 'infliximab']"
pulmonary hypertension,"['sildenafil', 'isosorbide dinitrate', 'tadalafil', 'ambrisentan', 'bosentan', 'treprostinil', 'macitentan', 'epoprostenol', 'iloprost', 'riociguat', 'sildenafil', 'isosorbide dinitrate', 'tadalafil', 'ambrisentan', 'bosentan', 'treprostinil', 'macitentan', 'epoprostenol', 'iloprost', 'riociguat', 'sildenafil', 'isosorbide dinitrate', 'tadalafil', 'ambrisentan', 'bosentan', 'treprostinil', 'macitentan', 'epoprostenol', 'iloprost', 'riociguat']"
rheumatic fever,['aspirin']
rheumatoid arthritis,"['methotrexate', 'prednisone', 'meloxicam', 'hydroxychloroquine', 'sulfasalazine', 'leflunomide', 'diclofenac', 'naproxen', 'celecoxib', 'acetaminophen / hydrocodone', 'ibuprofen', 'methotrexate', 'prednisone', 'meloxicam', 'hydroxychloroquine', 'sulfasalazine', 'leflunomide', 'diclofenac', 'naproxen', 'celecoxib', 'acetaminophen / hydrocodone', 'ibuprofen', 'methotrexate', 'prednisone', 'meloxicam', 'hydroxychloroquine', 'sulfasalazine', 'leflunomide', 'diclofenac', 'naproxen', 'celecoxib', 'acetaminophen / hydrocodone', 'ibuprofen', 'methotrexate', 'prednisone', 'meloxicam', 'hydroxychloroquine', 'sulfasalazine', 'leflunomide', 'diclofenac', 'naproxen', 'celecoxib', 'acetaminophen / hydrocodone', 'ibuprofen']"
rosacea,"['doxycycline', 'metronidazole', 'minocycline', 'azelaic acid', 'sulfacetamide sodium / sulfur', 'isotretinoin', 'ivermectin', 'brimonidine', 'doxycycline', 'metronidazole', 'minocycline', 'azelaic acid', 'sulfacetamide sodium / sulfur', 'isotretinoin', 'ivermectin', 'brimonidine']"
sarcoidosis,"['prednisone', 'azathioprine', 'corticotropin', 'chloroquine', 'dexamethasone', 'infliximab', 'triamcinolone', 'colchicine', 'adalimumab', 'cortisone']"
scabies,"['permethrin', 'ivermectin', 'crotamiton', 'lindane']"
schizophrenia,"['risperidone', 'clozapine', 'olanzapine', 'quetiapine', 'aripiprazole', 'chlorpromazine', 'paliperidone', 'ziprasidone', 'loxapine', 'risperidone', 'clozapine', 'olanzapine', 'quetiapine', 'aripiprazole', 'chlorpromazine', 'paliperidone', 'ziprasidone', 'loxapine', 'risperidone', 'clozapine', 'olanzapine', 'quetiapine', 'aripiprazole', 'chlorpromazine', 'paliperidone', 'ziprasidone', 'loxapine', 'risperidone', 'clozapine', 'olanzapine', 'quetiapine', 'aripiprazole', 'chlorpromazine', 'paliperidone', 'ziprasidone', 'loxapine', 'risperidone', 'clozapine', 'olanzapine', 'quetiapine', 'aripiprazole', 'chlorpromazine', 'paliperidone', 'ziprasidone', 'loxapine', 'risperidone', 'clozapine', 'olanzapine', 'quetiapine', 'aripiprazole', 'chlorpromazine', 'paliperidone', 'ziprasidone', 'loxapine', 'risperidone', 'clozapine', 'olanzapine', 'quetiapine', 'aripiprazole', 'chlorpromazine', 'paliperidone', 'ziprasidone', 'loxapine', 'risperidone', 'clozapine', 'olanzapine', 'quetiapine', 'aripiprazole', 'chlorpromazine', 'paliperidone', 'ziprasidone', 'loxapine', 'risperidone', 'clozapine', 'olanzapine', 'quetiapine', 'aripiprazole', 'chlorpromazine', 'paliperidone', 'ziprasidone', 'loxapine', 'risperidone', 'clozapine', 'olanzapine', 'quetiapine', 'aripiprazole', 'chlorpromazine', 'paliperidone', 'ziprasidone', 'loxapine', 'risperidone', 'clozapine', 'olanzapine', 'quetiapine', 'aripiprazole', 'chlorpromazine', 'paliperidone', 'ziprasidone', 'loxapine']"
sciatica,"['cyclobenzaprine', 'naproxen', 'diclofenac', 'ibuprofen', 'acetaminophen', 'diclofenac / misoprostol', 'aspirin']"
scleroderma,"['methotrexate', 'prednisone', 'cyclophosphamide', 'methotrexate', 'prednisone', 'cyclophosphamide', 'methotrexate', 'prednisone', 'cyclophosphamide', 'methotrexate', 'prednisone', 'cyclophosphamide', 'methotrexate', 'prednisone', 'cyclophosphamide', 'methotrexate', 'prednisone', 'cyclophosphamide']"
scurvy,['ascorbic acid']
seborrheic dermatitis,"['ketoconazole', 'clobetasol', 'ciclopirox', 'hydrocortisone', 'selenium sulfide', 'prednisone', 'fluocinolone', 'pyrithione zinc', 'sulfacetamide sodium', 'dexamethasone', 'sulfacetamide sodium / sulfur', 'coal tar']"
seborrheic keratosis,['hydrogen peroxide']
sepsis,"['vancomycin', 'ceftriaxone', 'cefuroxime', 'ceftazidime', 'cefotaxime', 'tobramycin', 'filgrastim']"
skin cancer,"['fluorouracil', 'fluorouracil']"
skin pigmentation disorder,"['tazarotene', 'tazarotene']"
soft tissue sarcoma,"['pazopanib', 'doxorubicin', 'methotrexate', 'trabectedin', 'olaratumab', 'pazopanib', 'doxorubicin', 'methotrexate', 'trabectedin', 'olaratumab', 'pazopanib', 'doxorubicin', 'methotrexate', 'trabectedin', 'olaratumab', 'pazopanib', 'doxorubicin', 'methotrexate', 'trabectedin', 'olaratumab', 'pazopanib', 'doxorubicin', 'methotrexate', 'trabectedin', 'olaratumab', 'pazopanib', 'doxorubicin', 'methotrexate', 'trabectedin', 'olaratumab']"
spina bifida,"['oxybutynin', 'oxybutynin']"
spondylolisthesis,"['gabapentin', 'naproxen', 'ibuprofen', 'pregabalin']"
sporotrichosis,"['itraconazole', 'fluconazole', 'amphotericin b']"
stomach cancer,"['fluorouracil', 'capecitabine', 'doxorubicin', 'mitomycin', 'ramucirumab', 'fluorouracil', 'capecitabine', 'doxorubicin', 'mitomycin', 'ramucirumab', 'fluorouracil', 'capecitabine', 'doxorubicin', 'mitomycin', 'ramucirumab', 'fluorouracil', 'capecitabine', 'doxorubicin', 'mitomycin', 'ramucirumab']"
subarachnoid hemorrhage,['nimodipine']
syringomyelia,"['gabapentin', 'tramadol', 'pregabalin', 'gabapentin', 'tramadol', 'pregabalin']"
temporomandibular joint disorder,"['cyclobenzaprine', 'diazepam', 'baclofen', 'ibuprofen', 'clonazepam', 'piroxicam', 'cyclobenzaprine', 'diazepam', 'baclofen', 'ibuprofen', 'clonazepam', 'piroxicam', 'cyclobenzaprine', 'diazepam', 'baclofen', 'ibuprofen', 'clonazepam', 'piroxicam', 'cyclobenzaprine', 'diazepam', 'baclofen', 'ibuprofen', 'clonazepam', 'piroxicam', 'cyclobenzaprine', 'diazepam', 'baclofen', 'ibuprofen', 'clonazepam', 'piroxicam', 'cyclobenzaprine', 'diazepam', 'baclofen', 'ibuprofen', 'clonazepam', 'piroxicam']"
testicular cancer,"['cisplatin', 'etoposide', 'bleomycin', 'cyclophosphamide', 'dactinomycin', 'ifosfamide', 'vinblastine', 'cisplatin', 'etoposide', 'bleomycin', 'cyclophosphamide', 'dactinomycin', 'ifosfamide', 'vinblastine', 'cisplatin', 'etoposide', 'bleomycin', 'cyclophosphamide', 'dactinomycin', 'ifosfamide', 'vinblastine', 'cisplatin', 'etoposide', 'bleomycin', 'cyclophosphamide', 'dactinomycin', 'ifosfamide', 'vinblastine', 'cisplatin', 'etoposide', 'bleomycin', 'cyclophosphamide', 'dactinomycin', 'ifosfamide', 'vinblastine']"
thalassemia,"['hydroxyurea', 'deferasirox', 'deferiprone', 'hydroxyurea', 'deferasirox', 'deferiprone', 'hydroxyurea', 'deferasirox', 'deferiprone', 'hydroxyurea', 'deferasirox', 'deferiprone']"
thrombocytopenia,"['prednisone', 'dexamethasone', 'eltrombopag', 'imiglucerase', 'avatrombopag', 'lusutrombopag']"
thyroid cancer,"['thyroid desiccated', 'sodium iodide-i-131', 'sorafenib', 'lenvatinib', 'doxorubicin', 'cabozantinib', 'thyrotropin alpha', 'vandetanib', 'dabrafenib', 'trametinib', 'thyroid desiccated', 'sodium iodide-i-131', 'sorafenib', 'lenvatinib', 'doxorubicin', 'cabozantinib', 'thyrotropin alpha', 'vandetanib', 'dabrafenib', 'trametinib']"
toxoplasmosis,"['clindamycin', 'sulfadiazine', 'pyrimethamine', 'azithromycin', 'sulfamethoxazole / trimethoprim', 'clarithromycin', 'leucovorin', 'atovaquone']"
transient ischemic attack,"['clopidogrel', 'aspirin', 'clopidogrel', 'aspirin', 'clopidogrel', 'aspirin']"
trichinosis,"['mebendazole', 'albendazole']"
trigeminal neuralgia,"['carbamazepine', 'gabapentin', 'baclofen', 'oxcarbazepine', 'topiramate', 'phenytoin', 'carbamazepine', 'gabapentin', 'baclofen', 'oxcarbazepine', 'topiramate', 'phenytoin', 'carbamazepine', 'gabapentin', 'baclofen', 'oxcarbazepine', 'topiramate', 'phenytoin']"
tuberous sclerosis,"['everolimus', 'everolimus', 'everolimus']"
turner syndrome,"['oxandrolone', 'somatropin']"
typhoid fever,"['ciprofloxacin', 'ceftriaxone', 'azithromycin', 'ampicillin']"
ulcerative colitis,"['mesalamine', 'azathioprine', 'sulfasalazine', 'balsalazide', 'budesonide', 'hydrocortisone', 'infliximab', 'clonidine', 'mesalamine', 'azathioprine', 'sulfasalazine', 'balsalazide', 'budesonide', 'hydrocortisone', 'infliximab', 'clonidine']"
urinary tract infection,"['ciprofloxacin', 'nitrofurantoin', 'sulfamethoxazole / trimethoprim', 'amoxicillin', 'doxycycline', 'levofloxacin', 'ceftriaxone', 'amoxicillin / clavulanate', 'cefuroxime', 'trimethoprim', 'methenamine', 'ampicillin', 'ciprofloxacin', 'nitrofurantoin', 'sulfamethoxazole / trimethoprim', 'amoxicillin', 'doxycycline', 'levofloxacin', 'ceftriaxone', 'amoxicillin / clavulanate', 'cefuroxime', 'trimethoprim', 'methenamine', 'ampicillin', 'ciprofloxacin', 'nitrofurantoin', 'sulfamethoxazole / trimethoprim', 'amoxicillin', 'doxycycline', 'levofloxacin', 'ceftriaxone', 'amoxicillin / clavulanate', 'cefuroxime', 'trimethoprim', 'methenamine', 'ampicillin', 'ciprofloxacin', 'nitrofurantoin', 'sulfamethoxazole / trimethoprim', 'amoxicillin', 'doxycycline', 'levofloxacin', 'ceftriaxone', 'amoxicillin / clavulanate', 'cefuroxime', 'trimethoprim', 'methenamine', 'ampicillin', 'ciprofloxacin', 'nitrofurantoin', 'sulfamethoxazole / trimethoprim', 'amoxicillin', 'doxycycline', 'levofloxacin', 'ceftriaxone', 'amoxicillin / clavulanate', 'cefuroxime', 'trimethoprim', 'methenamine', 'ampicillin', 'ciprofloxacin', 'nitrofurantoin', 'sulfamethoxazole / trimethoprim', 'amoxicillin', 'doxycycline', 'levofloxacin', 'ceftriaxone', 'amoxicillin / clavulanate', 'cefuroxime', 'trimethoprim', 'methenamine', 'ampicillin', 'ciprofloxacin', 'nitrofurantoin', 'sulfamethoxazole / trimethoprim', 'amoxicillin', 'doxycycline', 'levofloxacin', 'ceftriaxone', 'amoxicillin / clavulanate', 'cefuroxime', 'trimethoprim', 'methenamine', 'ampicillin']"
uterine fibroids,"['leuprolide', 'ulipristal']"
uveitis,"['methotrexate', 'cyclopentolate', 'atropine', 'mycophenolate mofetil', 'dexamethasone', 'homatropine', 'azathioprine', 'prednisolone / sulfacetamide sodium', 'difluprednate', 'triamcinolone', 'triamcinolone', 'sulfasalazine', 'dexamethasone / tobramycin', 'dexamethasone / neomycin / polymyxin b']"
vaginal yeast infection,"['fluconazole', 'clotrimazole', 'nystatin', 'miconazole', 'terconazole', 'ketoconazole', 'itraconazole', 'tioconazole', 'boric acid', 'fluconazole', 'clotrimazole', 'nystatin', 'miconazole', 'terconazole', 'ketoconazole', 'itraconazole', 'tioconazole', 'boric acid', 'fluconazole', 'clotrimazole', 'nystatin', 'miconazole', 'terconazole', 'ketoconazole', 'itraconazole', 'tioconazole', 'boric acid', 'fluconazole', 'clotrimazole', 'nystatin', 'miconazole', 'terconazole', 'ketoconazole', 'itraconazole', 'tioconazole', 'boric acid', 'fluconazole', 'clotrimazole', 'nystatin', 'miconazole', 'terconazole', 'ketoconazole', 'itraconazole', 'tioconazole', 'boric acid', 'fluconazole', 'clotrimazole', 'nystatin', 'miconazole', 'terconazole', 'ketoconazole', 'itraconazole', 'tioconazole', 'boric acid', 'fluconazole', 'clotrimazole', 'nystatin', 'miconazole', 'terconazole', 'ketoconazole', 'itraconazole', 'tioconazole', 'boric acid', 'fluconazole', 'clotrimazole', 'nystatin', 'miconazole', 'terconazole', 'ketoconazole', 'itraconazole', 'tioconazole', 'boric acid']"
varicose veins,"['polidocanol', 'sodium tetradecyl sulfate']"
vitamin a deficiency,"['vitamin a', 'beta-carotene']"
vitamin b12 deficiency,"['cyanocobalamin', 'hydroxocobalamin']"
vitamin d deficiency,"['cholecalciferol', 'ergocalciferol']"
von willebrand disease,"['desmopressin', 'antihemophilic factor / von willebrand factor', 'von willebrand factor']"
vulvodynia,"['amitriptyline', 'gabapentin', 'tramadol', 'nortriptyline', 'sertraline', 'topiramate', 'fluoxetine', 'citalopram', 'venlafaxine', 'carbamazepine', 'desipramine', 'escitalopram', 'paroxetine']"
